<?xml version="1.0" encoding="UTF-8"?>
<project-private xmlns="http://www.netbeans.org/ns/project-private/1">
    <editor-bookmarks xmlns="http://www.netbeans.org/ns/editor-bookmarks/2" lastBookmarkId="0"/>
    <open-files xmlns="http://www.netbeans.org/ns/projectui-open-files/2">
        <group>
            <file>file:/home/zeiruos/StrucData_personal/Lab_04/src/documento/DocumentoBasico.java</file>
            <file>file:/home/zeiruos/StrucData_personal/Lab_04/src/documento/Documento.java</file>
            <file>file:/home/zeiruos/StrucData_personal/Lab_04/src/lab_04/Lab_04.java</file>
            <file>file:/home/zeiruos/StrucData_personal/Lab_04/test/documento/DocumentoBasicoTest.java</file>
        </group>
    </open-files>
</project-private>
