<?xml version="1.0" encoding="UTF-8"?>
<project-private xmlns="http://www.netbeans.org/ns/project-private/1">
    <editor-bookmarks xmlns="http://www.netbeans.org/ns/editor-bookmarks/2" lastBookmarkId="0"/>
    <open-files xmlns="http://www.netbeans.org/ns/projectui-open-files/2">
        <group>
            <file>file:/home/souriez/StrucData_personal/Lab_5/Lab__5/Lab__5_eclipse/src/documento/DocumentoEficiente.java</file>
            <file>file:/home/souriez/StrucData_personal/Lab_5/Lab__5/Lab__5_eclipse/src/documento/ComparadorDocumento.java</file>
            <file>file:/home/souriez/StrucData_personal/Lab_5/Lab__5/Lab__5_eclipse/src/documento/DocumentoBasico.java</file>
            <file>file:/home/souriez/StrucData_personal/Lab_5/Lab__5/Lab__5_eclipse/src/documento/Documento.java</file>
        </group>
    </open-files>
</project-private>
